The Diner at LVM Resort,4,4
The Diner at LVM Resort,3,3
The Diner at LVM Resort,2,2
The Diner at LVM Resort,1,1
PRESS at Four Seasons,4,2
PRESS at Four Seasons,3,4
PRESS at Four Seasons,2,4
PRESS at Four Seasons,1,3
The Buffet at Bellagio,4,3
The Buffet at Bellagio,3,4
The Buffet at Bellagio,2,4
The Buffet at Bellagio,1,4
Subway,4,1
Subway,3,2
Subway,2,2
Subway,1,2
Great Buns Bakery,4,1
Great Buns Bakery,3,2
Great Buns Bakery,2,2
Great Buns Bakery,1,4
Egg & I,4,4
Egg & I,3,2
Egg & I,2,2
Egg & I,1,1
Dumpling King,4,1
Dumpling King,3,2
Dumpling King,2,3
Dumpling King,1,3
Teriyaki Madness,4,1
Teriyaki Madness,3,3
Teriyaki Madness,2,3
Teriyaki Madness,1,2
Siam Thai Kitchen,4,1
Siam Thai Kitchen,3,3
Siam Thai Kitchen,2,3
Siam Thai Kitchen,1,2
Z Chicken,4,1
Z Chicken,3,3
Z Chicken,2,3
Z Chicken,1,2